{
  "custom": {},
  "params": {},
  "props": {
    "defaultSize": {
      "height": 895,
      "width": 1349
    }
  },
  "root": {
    "children": [
      {
        "meta": {
          "name": "Table"
        },
        "position": {
          "height": 240,
          "width": 461,
          "x": 29,
          "y": 24
        },
        "propConfig": {
          "props.data": {
            "binding": {
              "config": {
                "fallbackDelay": 2.5,
                "mode": "indirect",
                "references": {},
                "tagPath": "[MQTT Engine]Engine Info/Active Subscriptions"
              },
              "type": "tag"
            }
          }
        },
        "type": "ia.display.table"
      },
      {
        "custom": {
          "changeHistory": {
            "$": [
              "ds",
              192,
              1751027455601
            ],
            "$columns": [
              {
                "data": [
                  1751037016177,
                  1751037016177
                ],
                "name": "CreatedAt_before",
                "type": "Long"
              },
              {
                "data": [
                  1751037016177,
                  1751037016177
                ],
                "name": "CreatedAt_after",
                "type": "Long"
              },
              {
                "data": [
                  1,
                  1
                ],
                "name": "CustomerID_before",
                "type": "Integer"
              },
              {
                "data": [
                  1,
                  1
                ],
                "name": "CustomerID_after",
                "type": "Integer"
              },
              {
                "data": [
                  "john.doe.updated@example.com",
                  "john.doe.updated@example.com"
                ],
                "name": "Email_before",
                "type": "String"
              },
              {
                "data": [
                  "john.doe.updated@example.com",
                  "john.doe.updated@example.com"
                ],
                "name": "Email_after",
                "type": "String"
              },
              {
                "data": [
                  "Johnny",
                  "Johnny"
                ],
                "name": "FirstName_before",
                "type": "String"
              },
              {
                "data": [
                  "Johnny",
                  "Johnny"
                ],
                "name": "FirstName_after",
                "type": "String"
              },
              {
                "data": [
                  "Doe",
                  "Doe"
                ],
                "name": "LastName_before",
                "type": "String"
              },
              {
                "data": [
                  "Boi",
                  "Boi"
                ],
                "name": "LastName_after",
                "type": "String"
              },
              {
                "data": [
                  "edit",
                  "edit"
                ],
                "name": "operation",
                "type": "String"
              }
            ]
          }
        },
        "meta": {
          "name": "Table_0"
        },
        "position": {
          "height": 376,
          "width": 1267,
          "x": 29,
          "y": 310
        },
        "propConfig": {
          "custom.lastChange": {
            "binding": {
              "config": {
                "fallbackDelay": 2.5,
                "mode": "direct",
                "tagPath": "[MQTT Engine]streamsql/data"
              },
              "transforms": [
                {
                  "code": "\timport json\n\t\n\tcdc \u003d json.loads(value)\n\t\n\t# Extract the nested \"data\" field\n\tdata \u003d cdc.get(\"data\", {})\n\t\n\tbefore \u003d data.get(\"before\", {})\n\tafter \u003d data.get(\"after\", {})\n\t\n\top_code \u003d data.get(\"op\", \"\").lower()\n\top_map \u003d {\"c\": \"insert\", \"u\": \"edit\", \"d\": \"delete\"}\n\top \u003d op_map.get(op_code, \"unknown\")\n\t\n\tall_keys \u003d set(before.keys()).union(set(after.keys()))\n\t\n\theaders \u003d []\n\trow \u003d []\n\t\n\tfor key in sorted(all_keys):\n\t    headers.append(key + \"_before\")\n\t    row.append(before.get(key))\n\t    headers.append(key + \"_after\")\n\t    row.append(after.get(key))\n\t\n\theaders.append(\"operation\")\n\trow.append(op)\n\t\n\tdataset \u003d system.dataset.toDataSet(headers, [row])\n\treturn dataset",
                  "type": "script"
                }
              ],
              "type": "tag"
            },
            "onChange": {
              "enabled": null,
              "script": "\tlastChange \u003d self.custom.lastChange\n\theaders \u003d list(lastChange.getColumnNames())\n\tpyLastChange \u003d system.dataset.toPyDataSet(lastChange)\n\t\n\tfor row in pyLastChange:\n\t\tnewRow \u003d list(row)\n\t\tbreak\n\t\n\texisting \u003d self.custom.changeHistory\n\t\n\tif not hasattr(existing, \"getColumnNames\"):\n\t\tnewDataset \u003d system.dataset.toDataSet(headers, [newRow])\n\telse:\n\t\tpyExisting \u003d system.dataset.toPyDataSet(existing)\n\t\trows \u003d [list(r) for r in pyExisting]\n\t\trows.insert(0, newRow)  # Insert at top for descending order\n\t\tnewDataset \u003d system.dataset.toDataSet(headers, rows)\n\t\n\tself.custom.changeHistory \u003d newDataset"
            }
          },
          "props.data": {
            "binding": {
              "config": {
                "path": "this.custom.changeHistory"
              },
              "type": "property"
            }
          }
        },
        "type": "ia.display.table"
      },
      {
        "events": {
          "dom": {
            "onClick": {
              "config": {
                "script": "\ttable \u003d self.getSibling(\"Table_0\")  # Change \"Table_0\" to your table\u0027s actual name\n\tcolumns \u003d [col[\u0027field\u0027] for col in table.props.columns]\n\tempty_dataset \u003d system.dataset.toDataSet(columns, [])\n\tself.getSibling(\"Table_0\").custom.changeHistory \u003d empty_dataset"
              },
              "scope": "G",
              "type": "script"
            }
          }
        },
        "meta": {
          "name": "Button"
        },
        "position": {
          "height": 34,
          "width": 80,
          "x": 469,
          "y": 735
        },
        "props": {
          "text": "Clean"
        },
        "type": "ia.input.button"
      }
    ],
    "meta": {
      "name": "root"
    },
    "type": "ia.container.coord"
  }
}