{
  "custom": {},
  "params": {},
  "props": {
    "defaultSize": {
      "height": 819,
      "width": 1037
    }
  },
  "root": {
    "children": [
      {
        "meta": {
          "name": "Table"
        },
        "position": {
          "height": 489,
          "width": 972,
          "x": 32.5,
          "y": 206
        },
        "propConfig": {
          "props.data": {
            "binding": {
              "config": {
                "fallbackDelay": 2.5,
                "mode": "direct",
                "tagPath": "[default]Kafka/LatestCustomerData"
              },
              "type": "tag"
            }
          }
        },
        "type": "ia.display.table"
      }
    ],
    "meta": {
      "name": "root"
    },
    "type": "ia.container.coord"
  }
}